{"_type":"export","__export_format":4,"__export_date":"2022-12-28T16:52:08.186Z","__export_source":"insomnia.desktop.app:v2022.7.0","resources":[{"_id":"req_5f31a050047f491c9e34c0282347b5ae","parentId":"wrk_d5a4fae660ac4882a4d4000a2796d4da","modified":1672246259101,"created":1671923300399,"url":"http://localhost:3333/tasks","name":"New task","description":"","method":"POST","body":{"mimeType":"application/json","text":"{\n\t\"name\": \"Comprar ketchup\",\n\t\"is_done\": true\n}"},"parameters":[],"headers":[{"name":"Content-Type","value":"application/json"}],"authentication":{},"metaSortKey":-1671923300399,"isPrivate":false,"settingStoreCookies":true,"settingSendCookies":true,"settingDisableRenderRequestBody":false,"settingEncodeUrl":true,"settingRebuildPath":true,"settingFollowRedirects":"global","_type":"request"},{"_id":"wrk_d5a4fae660ac4882a4d4000a2796d4da","parentId":null,"modified":1672246296323,"created":1671923297986,"name":"Mark L by QAx","description":"","scope":"collection","_type":"workspace"},{"_id":"req_e4b66e318b1448c8b837a66139b47ef9","parentId":"wrk_d5a4fae660ac4882a4d4000a2796d4da","modified":1671985218757,"created":1671933381914,"url":"http://localhost:3333/tasks/8b161cff-5485-4a06-aaa3-5cde44d34es","name":"Update task","description":"","method":"PUT","body":{"mimeType":"application/json","text":"{\n\t\"is_done\": false\n}"},"parameters":[],"headers":[{"name":"Content-Type","value":"application/json"}],"authentication":{},"metaSortKey":-1671248815126.75,"isPrivate":false,"settingStoreCookies":true,"settingSendCookies":true,"settingDisableRenderRequestBody":false,"settingEncodeUrl":true,"settingRebuildPath":true,"settingFollowRedirects":"global","_type":"request"},{"_id":"req_1cc224457d3c45d29db6b92f781f28b4","parentId":"wrk_d5a4fae660ac4882a4d4000a2796d4da","modified":1671924870489,"created":1671924620996,"url":"http://localhost:3333/tasks","name":"Task list","description":"","method":"GET","body":{},"parameters":[],"headers":[],"authentication":{},"metaSortKey":-1670574329854.5,"isPrivate":false,"settingStoreCookies":true,"settingSendCookies":true,"settingDisableRenderRequestBody":false,"settingEncodeUrl":true,"settingRebuildPath":true,"settingFollowRedirects":"global","_type":"request"},{"_id":"req_e4ea6c189e17463fb9510fd9ecf71184","parentId":"wrk_d5a4fae660ac4882a4d4000a2796d4da","modified":1671932921528,"created":1671932582277,"url":"http://localhost:3333/tasks/dd90cf90-a3f3-4dbf-af12-66e666ac9012","name":"Remove task","description":"","method":"DELETE","body":{},"parameters":[],"headers":[],"authentication":{},"metaSortKey":-1669899844582.25,"isPrivate":false,"settingStoreCookies":true,"settingSendCookies":true,"settingDisableRenderRequestBody":false,"settingEncodeUrl":true,"settingRebuildPath":true,"settingFollowRedirects":"global","_type":"request"},{"_id":"env_33df1db4793ed0a3f19044a511f09a5fbbe5092e","parentId":"wrk_d5a4fae660ac4882a4d4000a2796d4da","modified":1671923298004,"created":1671923298004,"name":"Base Environment","data":{},"dataPropertyOrder":null,"color":null,"isPrivate":false,"metaSortKey":1671923298004,"_type":"environment"},{"_id":"jar_33df1db4793ed0a3f19044a511f09a5fbbe5092e","parentId":"wrk_d5a4fae660ac4882a4d4000a2796d4da","modified":1671923298005,"created":1671923298005,"name":"Default Jar","cookies":[],"_type":"cookie_jar"},{"_id":"spc_94f24efe69ee4e5c8594765ce0507bb2","parentId":"wrk_d5a4fae660ac4882a4d4000a2796d4da","modified":1671923298001,"created":1671923298001,"fileName":"mark","contents":"","contentType":"yaml","_type":"api_spec"}]}